date,spot,rate_diff,stress,ca_diff,tb_diff,prod_diff,fair_value,z_score,lambda,fit,model_status
2026-06-03,1.16023,-1.4533,0.0,4.1945,3.6199,-0.5968,,,,,insufficient_history
2026-06-04,1.16144,-1.4463,0.0,4.1945,3.6199,-0.5968,,,,,insufficient_history
2026-06-05,1.15274,-1.5124,2.0,4.1945,3.6199,0.0358,,,,,insufficient_history
2026-06-08,1.15354,-1.5039,1.0,4.1945,3.6199,0.0358,,,,,insufficient_history
2026-06-09,1.15473,-1.4733,1.0,4.1945,2.641,0.0358,,,,,insufficient_history
2026-06-10,1.15393,-1.4814,2.0,4.1945,2.641,0.0358,,,,,insufficient_history
2026-06-11,1.15821,-1.4243,2.0,4.1945,2.641,0.0358,,,,,insufficient_history
2026-06-12,1.15714,-1.4807,0.0,4.1945,2.641,0.0358,,,,,insufficient_history
2026-06-15,1.15915,-1.5186,1.0,4.1945,1.991,0.0358,,,,,insufficient_history
2026-06-16,1.16131,-1.49,0.0,4.1945,1.991,0.0358,,,,,insufficient_history
2026-06-17,1.15048,-1.564,1.0,4.1945,1.991,0.0358,,,,,insufficient_history
2026-06-18,1.146,-1.5369,0.0,4.1945,1.991,0.0358,,,,,insufficient_history
2026-06-22,1.14299,-1.5586,0.0,4.1945,1.991,0.0358,,,,,insufficient_history
2026-06-23,1.13843,-1.5832,1.0,4.1945,1.991,0.0358,,,,,insufficient_history
2026-06-24,1.13611,-1.5395,1.0,4.639,1.991,0.0358,,,,,insufficient_history
2026-06-25,1.13727,-1.541,1.0,4.639,1.991,0.0358,,,,,insufficient_history
2026-06-26,1.13908,-1.532,1.0,4.639,3.8342,0.0358,,,,,insufficient_history
2026-06-29,1.14273,-1.52,0.0,4.639,3.8342,0.0358,,,,,insufficient_history
2026-06-30,1.14247,-1.5755,0.0,4.639,3.8342,0.0358,,,,,insufficient_history
2026-07-01,1.13804,-1.6031,0.0,4.639,3.8342,0.0358,,,,,insufficient_history
2026-07-02,1.14364,-1.5916,1.0,4.639,3.8342,0.0358,,,,,insufficient_history
2026-07-06,1.14443,-1.5348,0.0,4.639,3.8342,0.0358,,,,,insufficient_history
2026-07-07,1.14155,-1.5625,0.0,4.639,2.7926,0.0358,,,,,insufficient_history
2026-07-08,1.14207,-1.4716,0.0,4.639,2.7926,0.0358,,,,,insufficient_history
2026-07-09,1.14325,-1.4872,0.0,4.639,2.7926,0.0358,,,,,insufficient_history
2026-07-10,1.14168,-1.5253,0.0,4.639,2.7926,0.0358,,,,,insufficient_history
2026-07-13,1.13843,-1.5469,0.0,4.639,2.7926,0.0358,,,,,insufficient_history
2026-07-14,1.14233,-1.5099,0.0,4.639,2.7926,0.0358,,,,,insufficient_history
2026-07-15,1.14666,-1.4646,0.0,4.639,2.7926,0.0358,,,,,insufficient_history
2026-07-16,1.14482,-1.4324,0.0,4.639,2.2904,0.0358,,,,,insufficient_history
2026-07-17,1.14403,-1.4266,1.0,3.8916,2.2904,0.0358,,,,,insufficient_history
2026-07-20,1.14168,-1.4523,1.0,3.8916,2.2904,0.0358,,,,,insufficient_history
2026-07-21,1.14012,-1.4645,0.0,3.8916,2.2904,0.0358,,,,,insufficient_history
2026-07-22,1.14142,-1.4905,0.0,3.8916,2.2904,0.0358,,,,,insufficient_history
2026-07-23,1.13804,-1.4985,1.0,3.8916,2.2904,0.0358,,,,,insufficient_history
2026-07-24,1.1374,-1.5172,1.0,3.8916,2.2904,0.0358,,,,,insufficient_history
2026-07-27,1.13714,-1.5225,1.0,3.8916,2.2904,0.0358,,,,,insufficient_history
2026-07-28,1.13895,-1.5013,1.0,3.8916,3.1732,0.0358,,,,,insufficient_history
2026-07-29,1.14705,-1.5141,3.0,3.8916,3.1732,0.0358,,,,,insufficient_history
2026-07-30,1.15314,-1.5118,1.0,3.8916,3.1732,0.0358,,,,,insufficient_history
2026-07-31,1.15327,-1.5464,1.0,3.8916,3.1732,0.0358,,,,,insufficient_history
2026-08-03,1.15115,-1.5481,0.0,3.8916,3.1732,0.0358,,,,,insufficient_history
2026-08-04,1.15354,-1.5137,0.0,3.8916,2.1315,0.0358,,,,,insufficient_history
2026-08-05,1.15567,-1.5263,1.0,3.8916,2.1315,0.0358,,,,,insufficient_history
2026-08-06,1.15274,-1.5643,0.0,3.8916,2.1315,-0.1135,,,,,insufficient_history
2026-08-07,1.15607,-1.5205,1.0,3.8916,2.1315,-0.1135,,,,,insufficient_history
2026-08-10,1.1546,-1.5433,0.0,3.8916,2.1315,-0.1135,,,,,insufficient_history
2026-08-11,1.1546,-1.543,0.0,3.8916,2.1315,-0.1135,,,,,insufficient_history
2026-08-12,1.15287,-1.523,0.0,3.8916,2.1315,-0.1135,,,,,insufficient_history
2026-08-13,1.15327,-1.491,0.0,3.8916,2.1315,-0.1135,,,,,insufficient_history
2026-08-14,1.15727,-1.4812,0.0,3.8916,3.3428,-0.1135,,,,,insufficient_history
2026-08-17,1.15835,-1.5021,0.0,3.8916,3.3428,-0.1135,,,,,insufficient_history
2026-08-18,1.15794,-1.449,0.0,3.8916,3.3428,-0.1135,,,,,insufficient_history
2026-08-19,1.16809,-1.3875,1.0,5.3776,3.3428,-0.1135,,,,,insufficient_history
2026-08-20,1.1689,-1.4178,0.0,5.3776,3.3428,-0.1135,,,,,insufficient_history
2026-08-21,1.1678,-1.468,0.0,5.3776,3.3428,-0.1135,,,,,insufficient_history
2026-08-22,1.1678,-1.468,1.0,5.3776,3.3428,-0.1135,,,,,insufficient_history
2026-08-24,1.1669,-1.454,0.0,5.3776,3.3428,-0.1135,,,,,insufficient_history
2026-08-25,1.1678,-1.3776,0.0,5.3776,3.3428,-0.1135,,,,,insufficient_history
2026-08-27,1.1659,-1.43,0.0,5.3776,5.0238,-0.1135,1.156707,1.1181,100,Solid,computed
2026-08-28,1.165,-1.42,0.0,5.3776,5.0238,-0.1135,1.157984,0.8656,100,Solid,computed
2026-09-01,1.1616,-1.46,0.0,5.3776,5.0238,-0.1135,1.164078,-0.3979,0,Solid,computed
2026-09-02,1.1589,-1.41,0.0,5.3776,5.0238,-0.1194,1.166848,-1.2792,0,Solid,computed
2026-09-03,1.1628,-1.42,0.0,5.3776,3.9071,-0.1194,1.165039,-0.3598,0,Solid,computed
2026-09-04,1.1621,-1.45,0.0,5.3776,3.9071,-0.1194,1.163311,-0.1965,0,Solid,computed
2026-09-07,1.1631,-1.41,0.0,5.3776,3.9071,-0.1194,1.165177,-0.3392,0.3,Solid,computed
2026-09-08,1.1629,-1.42,0.0,5.3776,3.9071,-0.1194,1.163468,-0.0927,10,Solid,computed
2026-09-09,1.1641,-1.39,0.0,5.3776,3.9071,-0.1194,1.165129,-0.1763,3,Solid,computed
2026-09-10,1.1613,-1.47,0.0,5.3776,3.9071,-0.1194,1.161381,-0.0146,10,Solid,computed
2026-09-11,1.1602,-1.45,0.0,5.3776,3.9071,-0.1194,1.162839,-0.5371,3,Solid,computed
2026-09-14,1.1555,-1.46,0.0,5.3776,3.9071,0.2043,1.136072,3.9619,10,Solid,computed
2026-09-15,1.1541,-1.47,0.0,5.3776,3.9071,0.2043,1.140867,2.3769,10,Solid,computed
2026-09-16,1.1471,-1.49,0.0,5.3776,3.9071,0.2043,1.145205,0.3073,30,Solid,computed
2026-09-17,1.1482,-1.45,0.0,5.3776,3.9071,0.2043,1.14762,0.0933,30,Solid,computed
2026-09-18,1.1489,-1.48,0.0,5.3776,3.9071,0.2043,1.146792,0.3422,30,Solid,computed
2026-09-21,1.1468,-1.5,0.0,5.3776,3.9071,0.2043,1.146516,0.0464,30,Solid,computed
2026-09-22,1.145,-1.53,0.0,5.3776,3.9071,0.2043,1.148693,-0.5199,100,Solid,computed
2026-09-23,1.1387,-1.55,0.0,5.3776,3.9071,0.2043,1.14532,-1.1075,30,Solid,computed
2026-09-24,1.138,-1.61,1.0,5.6143,3.9071,0.2043,1.14299,-0.832,30,Solid,computed
2026-09-25,1.1392,-1.56,1.0,5.6143,3.9071,0.2043,1.144907,-0.9611,30,Solid,computed
2026-09-28,1.1374,-1.61,1.0,5.6143,3.9071,0.2043,1.142505,-0.8546,30,Solid,computed
2026-09-29,1.1346,-1.64,1.0,5.6143,3.9071,0.2043,1.140941,-1.0611,30,Solid,computed
2026-09-30,1.1333,-1.62,1.0,5.6143,5.5346,0.2043,1.14418,-1.8137,30,Solid,computed
